,munro name,munro height (m),height_URL,munro base height (m),base_URL
0,A' Bhuidheanach Bheag,936,https://www.mountain-forecast.com/peaks/A-Bhuidheanach-Bheag/forecasts/936,317,https://www.mountain-forecast.com/peaks/A-Bhuidheanach-Bheag/forecasts/317
2,A' Mharconaich,975,https://www.mountain-forecast.com/peaks/A-Mharconaich/forecasts/975,342,https://www.mountain-forecast.com/peaks/A-Mharconaich/forecasts/342
3,Am Bodach,1032,https://www.mountain-forecast.com/peaks/Am-Bodach/forecasts/1032,500,https://www.mountain-forecast.com/peaks/Am-Bodach/forecasts/500
4,An Caisteal,995,https://www.mountain-forecast.com/peaks/An-Caisteal/forecasts/995,0,https://www.mountain-forecast.com/peaks/An-Caisteal/forecasts/0
5,An Gearanach,982,https://www.mountain-forecast.com/peaks/An-Gearanach/forecasts/982,0,https://www.mountain-forecast.com/peaks/An-Gearanach/forecasts/0
7,An Socach (Glen Ey),944,https://www.mountain-forecast.com/peaks/An-Socach-Glen-Ey/forecasts/944,300,https://www.mountain-forecast.com/peaks/An-Socach-Glen-Ey/forecasts/300
8,An Stuc,1118,https://www.mountain-forecast.com/peaks/An-Stuc/forecasts/1118,500,https://www.mountain-forecast.com/peaks/An-Stuc/forecasts/500
9,Aonach Beag,1234,https://www.mountain-forecast.com/peaks/Aonach-Beag/forecasts/1234,500,https://www.mountain-forecast.com/peaks/Aonach-Beag/forecasts/500
10,Aonach Eagach,967,https://www.mountain-forecast.com/peaks/Aonach-Eagach/forecasts/967,0,https://www.mountain-forecast.com/peaks/Aonach-Eagach/forecasts/0
11,Aonach Mòr,1221,https://www.mountain-forecast.com/peaks/Aonach-Mor/forecasts/1221,500,https://www.mountain-forecast.com/peaks/Aonach-Mor/forecasts/500
12,Beinn a' Bheithir,1024,https://www.mountain-forecast.com/peaks/Beinn-a-Bheithir/forecasts/1024,500,https://www.mountain-forecast.com/peaks/Beinn-a-Bheithir/forecasts/500
13,Beinn a' Bhùird,1196,https://www.mountain-forecast.com/peaks/Beinn-a-Bhuird/forecasts/1196,300,https://www.mountain-forecast.com/peaks/Beinn-a-Bhuird/forecasts/300
15,Beinn a' Chaorainn (Cairngorms),1083,https://www.mountain-forecast.com/peaks/Beinn-a-Chaorainn-Cairngorms/forecasts/1083,306,https://www.mountain-forecast.com/peaks/Beinn-a-Chaorainn-Cairngorms/forecasts/306
16,Beinn a' Chaorainn (Glen Spean),1052,https://www.mountain-forecast.com/peaks/Beinn-a-Chaorainn-Glen-Spean/forecasts/1052,500,https://www.mountain-forecast.com/peaks/Beinn-a-Chaorainn-Glen-Spean/forecasts/500
17,Beinn a' Chleibh,916,https://www.mountain-forecast.com/peaks/Beinn-a-Chleibh/forecasts/916,104,https://www.mountain-forecast.com/peaks/Beinn-a-Chleibh/forecasts/104
18,Beinn a' Chreachain,1081,https://www.mountain-forecast.com/peaks/Beinn-a-Chreachain/forecasts/1081,100,https://www.mountain-forecast.com/peaks/Beinn-a-Chreachain/forecasts/100
19,Beinn a' Chroin,942,https://www.mountain-forecast.com/peaks/Beinn-a-Chroin/forecasts/942,0,https://www.mountain-forecast.com/peaks/Beinn-a-Chroin/forecasts/0
21,Beinn a' Ghlò,1129,https://www.mountain-forecast.com/peaks/Beinn-a-Ghlo/forecasts/1129,500,https://www.mountain-forecast.com/peaks/Beinn-a-Ghlo/forecasts/500
22,Beinn Achaladair,1038,https://www.mountain-forecast.com/peaks/Beinn-Achaladair/forecasts/1038,100,https://www.mountain-forecast.com/peaks/Beinn-Achaladair/forecasts/100
23,Beinn an Dothaidh,1004,https://www.mountain-forecast.com/peaks/Beinn-an-Dothaidh/forecasts/1004,100,https://www.mountain-forecast.com/peaks/Beinn-an-Dothaidh/forecasts/100
26,Beinn Bhreac,931,https://www.mountain-forecast.com/peaks/Beinn-Bhreac/forecasts/931,300,https://www.mountain-forecast.com/peaks/Beinn-Bhreac/forecasts/300
27,Beinn Bhrotain,1157,https://www.mountain-forecast.com/peaks/Beinn-Bhrotain/forecasts/1157,318,https://www.mountain-forecast.com/peaks/Beinn-Bhrotain/forecasts/318
28,Beinn Bhuidhe (Glen Fyne),948,https://www.mountain-forecast.com/peaks/Beinn-Bhuidhe-Glen-Fyne/forecasts/948,0,https://www.mountain-forecast.com/peaks/Beinn-Bhuidhe-Glen-Fyne/forecasts/0
29,Beinn Chabhair,933,https://www.mountain-forecast.com/peaks/Beinn-Chabhair/forecasts/933,0,https://www.mountain-forecast.com/peaks/Beinn-Chabhair/forecasts/0
30,Beinn Challuim,1025,https://www.mountain-forecast.com/peaks/Beinn-Challuim/forecasts/1025,100,https://www.mountain-forecast.com/peaks/Beinn-Challuim/forecasts/100
33,Beinn Dorain,1076,https://www.mountain-forecast.com/peaks/Beinn-Dorain/forecasts/1076,500,https://www.mountain-forecast.com/peaks/Beinn-Dorain/forecasts/500
34,Beinn Dubhchraig,978,https://www.mountain-forecast.com/peaks/Beinn-Dubhchraig/forecasts/978,104,https://www.mountain-forecast.com/peaks/Beinn-Dubhchraig/forecasts/104
35,Beinn Ghlas,1103,https://www.mountain-forecast.com/peaks/Beinn-Ghlas/forecasts/1103,500,https://www.mountain-forecast.com/peaks/Beinn-Ghlas/forecasts/500
36,Beinn Heasgarnich,1078,https://www.mountain-forecast.com/peaks/Beinn-Heasgarnich/forecasts/1078,205,https://www.mountain-forecast.com/peaks/Beinn-Heasgarnich/forecasts/205
37,Beinn Ime,1011,https://www.mountain-forecast.com/peaks/Beinn-Ime/forecasts/1011,500,https://www.mountain-forecast.com/peaks/Beinn-Ime/forecasts/500
40,Beinn Mhanach,953,https://www.mountain-forecast.com/peaks/Beinn-Mhanach/forecasts/953,100,https://www.mountain-forecast.com/peaks/Beinn-Mhanach/forecasts/100
41,Beinn Mheadhoin,1182,https://www.mountain-forecast.com/peaks/Beinn-Mheadhoin/forecasts/1182,306,https://www.mountain-forecast.com/peaks/Beinn-Mheadhoin/forecasts/306
43,Beinn Narnain,926,https://www.mountain-forecast.com/peaks/Beinn-Narnain/forecasts/926,0,https://www.mountain-forecast.com/peaks/Beinn-Narnain/forecasts/0
45,Beinn Sgulaird,937,https://www.mountain-forecast.com/peaks/Beinn-Sgulaird/forecasts/937,0,https://www.mountain-forecast.com/peaks/Beinn-Sgulaird/forecasts/0
47,Beinn Tulaichean,946,https://www.mountain-forecast.com/peaks/Beinn-Tulaichean/forecasts/946,0,https://www.mountain-forecast.com/peaks/Beinn-Tulaichean/forecasts/0
48,Beinn Udlamain,1011,https://www.mountain-forecast.com/peaks/Beinn-Udlamain/forecasts/1011,331,https://www.mountain-forecast.com/peaks/Beinn-Udlamain/forecasts/331
50,Ben Alder,1148,https://www.mountain-forecast.com/peaks/Ben-Alder/forecasts/1148,200,https://www.mountain-forecast.com/peaks/Ben-Alder/forecasts/200
51,Ben Avon,1171,https://www.mountain-forecast.com/peaks/Ben-Avon/forecasts/1171,300,https://www.mountain-forecast.com/peaks/Ben-Avon/forecasts/300
52,Ben Chonzie,931,https://www.mountain-forecast.com/peaks/Ben-Chonzie/forecasts/931,133,https://www.mountain-forecast.com/peaks/Ben-Chonzie/forecasts/133
53,Ben Cruachan,1126,https://www.mountain-forecast.com/peaks/Ben-Cruachan/forecasts/1126,500,https://www.mountain-forecast.com/peaks/Ben-Cruachan/forecasts/500
55,Ben Lawers,1204,https://www.mountain-forecast.com/peaks/Ben-Lawers/forecasts/1204,500,https://www.mountain-forecast.com/peaks/Ben-Lawers/forecasts/500
57,Ben Lomond,974,https://www.mountain-forecast.com/peaks/Ben-Lomond/forecasts/974,0,https://www.mountain-forecast.com/peaks/Ben-Lomond/forecasts/0
58,Ben Lui,1130,https://www.mountain-forecast.com/peaks/Ben-Lui/forecasts/1130,500,https://www.mountain-forecast.com/peaks/Ben-Lui/forecasts/500
59,Ben Macdui,1309,https://www.mountain-forecast.com/peaks/Ben-Macdui/forecasts/1309,500,https://www.mountain-forecast.com/peaks/Ben-Macdui/forecasts/500
60,Ben More (Crianlarich),1174,https://www.mountain-forecast.com/peaks/Ben-More-Crianlarich/forecasts/1174,500,https://www.mountain-forecast.com/peaks/Ben-More-Crianlarich/forecasts/500
61,Ben Nevis,1344,https://www.mountain-forecast.com/peaks/Ben-Nevis/forecasts/1344,500,https://www.mountain-forecast.com/peaks/Ben-Nevis/forecasts/500
62,Ben Oss,1029,https://www.mountain-forecast.com/peaks/Ben-Oss/forecasts/1029,500,https://www.mountain-forecast.com/peaks/Ben-Oss/forecasts/500
64,Ben Starav,1078,https://www.mountain-forecast.com/peaks/Ben-Starav/forecasts/1078,500,https://www.mountain-forecast.com/peaks/Ben-Starav/forecasts/500
66,Ben Vane,915,https://www.mountain-forecast.com/peaks/Ben-Vane/forecasts/915,0,https://www.mountain-forecast.com/peaks/Ben-Vane/forecasts/0
68,Ben Vorlich (Loch Earn),985,https://www.mountain-forecast.com/peaks/Ben-Vorlich-Loch-Earn/forecasts/985,100,https://www.mountain-forecast.com/peaks/Ben-Vorlich-Loch-Earn/forecasts/100
69,Ben Vorlich (Loch Lomond),943,https://www.mountain-forecast.com/peaks/Ben-Vorlich-Loch-Lomond/forecasts/943,0,https://www.mountain-forecast.com/peaks/Ben-Vorlich-Loch-Lomond/forecasts/0
72,Bidean Nam Bian,1150,https://www.mountain-forecast.com/peaks/Bidean-Nam-Bian/forecasts/1150,500,https://www.mountain-forecast.com/peaks/Bidean-Nam-Bian/forecasts/500
74,Binnein Beag,943,https://www.mountain-forecast.com/peaks/Binnein-Beag/forecasts/943,0,https://www.mountain-forecast.com/peaks/Binnein-Beag/forecasts/0
75,Binnein Mor,1130,https://www.mountain-forecast.com/peaks/Binnein-Mor/forecasts/1130,500,https://www.mountain-forecast.com/peaks/Binnein-Mor/forecasts/500
76,Braeriach,1296,https://www.mountain-forecast.com/peaks/Braeriach/forecasts/1296,500,https://www.mountain-forecast.com/peaks/Braeriach/forecasts/500
77,Broad Cairn,998,https://www.mountain-forecast.com/peaks/Broad-Cairn/forecasts/998,322,https://www.mountain-forecast.com/peaks/Broad-Cairn/forecasts/322
78,Buachaille Etive Beag,958,https://www.mountain-forecast.com/peaks/Buachaille-Etive-Beag/forecasts/958,0,https://www.mountain-forecast.com/peaks/Buachaille-Etive-Beag/forecasts/0
79,Buachaille Etive Mor,1020,https://www.mountain-forecast.com/peaks/Buachaille-Etive-Mor/forecasts/1020,500,https://www.mountain-forecast.com/peaks/Buachaille-Etive-Mor/forecasts/500
80,Bynack More,1090,https://www.mountain-forecast.com/peaks/Bynack-More/forecasts/1090,302,https://www.mountain-forecast.com/peaks/Bynack-More/forecasts/302
81,Cairn Toul,1291,https://www.mountain-forecast.com/peaks/Cairn-Toul/forecasts/1291,500,https://www.mountain-forecast.com/peaks/Cairn-Toul/forecasts/500
82,Cairngorm,1234,https://www.mountain-forecast.com/peaks/Cairngorm/forecasts/1234,500,https://www.mountain-forecast.com/peaks/Cairngorm/forecasts/500
84,Carn a' Chlamain,963,https://www.mountain-forecast.com/peaks/Carn-a-Chlamain/forecasts/963,231,https://www.mountain-forecast.com/peaks/Carn-a-Chlamain/forecasts/231
85,Càrn a' Gheòidh,975,https://www.mountain-forecast.com/peaks/Carn-a-Gheoidh/forecasts/975,413,https://www.mountain-forecast.com/peaks/Carn-a-Gheoidh/forecasts/413
86,Càrn a' Mhàim,1037,https://www.mountain-forecast.com/peaks/Carn-a-Mhaim/forecasts/1037,332,https://www.mountain-forecast.com/peaks/Carn-a-Mhaim/forecasts/332
87,Càrn Aosda,917,https://www.mountain-forecast.com/peaks/Carn-Aosda/forecasts/917,344,https://www.mountain-forecast.com/peaks/Carn-Aosda/forecasts/344
88,Carn Dearg (Loch Ossian),941,https://www.mountain-forecast.com/peaks/Carn-Dearg/forecasts/941,200,https://www.mountain-forecast.com/peaks/Carn-Dearg/forecasts/200
89,Càrn Dearg (Monadh Liath),945,https://www.mountain-forecast.com/peaks/Carn-Dearg-Monadh-Liath/forecasts/945,319,https://www.mountain-forecast.com/peaks/Carn-Dearg-Monadh-Liath/forecasts/319
90,Càrn Gorm,1029,https://www.mountain-forecast.com/peaks/Carn-Gorm/forecasts/1029,100,https://www.mountain-forecast.com/peaks/Carn-Gorm/forecasts/100
91,Càrn Mairg,1041,https://www.mountain-forecast.com/peaks/Carn-Mairg/forecasts/1041,100,https://www.mountain-forecast.com/peaks/Carn-Mairg/forecasts/100
92,Càrn Mòr Dearg,1223,https://www.mountain-forecast.com/peaks/Carn-Mor-Dearg/forecasts/1223,500,https://www.mountain-forecast.com/peaks/Carn-Mor-Dearg/forecasts/500
93,Chno Dearg,1046,https://www.mountain-forecast.com/peaks/Chno-Dearg/forecasts/1046,100,https://www.mountain-forecast.com/peaks/Chno-Dearg/forecasts/100
99,Creag Meagaidh,1128,https://www.mountain-forecast.com/peaks/Creag-Meagaidh/forecasts/1128,500,https://www.mountain-forecast.com/peaks/Creag-Meagaidh/forecasts/500
100,Creag Mhòr,1047,https://www.mountain-forecast.com/peaks/Creag-Mhor/forecasts/1047,100,https://www.mountain-forecast.com/peaks/Creag-Mhor/forecasts/100
102,Creise,1100,https://www.mountain-forecast.com/peaks/Creise/forecasts/1100,500,https://www.mountain-forecast.com/peaks/Creise/forecasts/500
103,Cruach Ardrain,1046,https://www.mountain-forecast.com/peaks/Cruach-Ardrain/forecasts/1046,500,https://www.mountain-forecast.com/peaks/Cruach-Ardrain/forecasts/500
104,Derry Cairngorm,1155,https://www.mountain-forecast.com/peaks/Derry-Cairngorm/forecasts/1155,312,https://www.mountain-forecast.com/peaks/Derry-Cairngorm/forecasts/312
105,Driesh,947,https://www.mountain-forecast.com/peaks/Driesh/forecasts/947,322,https://www.mountain-forecast.com/peaks/Driesh/forecasts/322
106,Geal-Chàrn,1132,https://www.mountain-forecast.com/peaks/Geal-Charn/forecasts/1132,248,https://www.mountain-forecast.com/peaks/Geal-Charn/forecasts/248
107,Glas Maol,1068,https://www.mountain-forecast.com/peaks/Glas-Maol/forecasts/1068,329,https://www.mountain-forecast.com/peaks/Glas-Maol/forecasts/329
108,Glas Tulaichean,1051,https://www.mountain-forecast.com/peaks/Glas-Tulaichean/forecasts/1051,338,https://www.mountain-forecast.com/peaks/Glas-Tulaichean/forecasts/338
110,Glenshee,1023,https://www.mountain-forecast.com/peaks/Glenshee/forecasts/1023,649,https://www.mountain-forecast.com/peaks/Glenshee/forecasts/649
115,Lochnagar,1155,https://www.mountain-forecast.com/peaks/Lochnagar/forecasts/1155,200,https://www.mountain-forecast.com/peaks/Lochnagar/forecasts/200
117,Meall a' Bhuiridh,1108,https://www.mountain-forecast.com/peaks/Meall-a-Bhuiridh/forecasts/1108,500,https://www.mountain-forecast.com/peaks/Meall-a-Bhuiridh/forecasts/500
119,"Meall Buidhe, Glen Lyon",932,https://www.mountain-forecast.com/peaks/Meall-Buidhe-Glen-Lyon/forecasts/932,200,https://www.mountain-forecast.com/peaks/Meall-Buidhe-Glen-Lyon/forecasts/200
121,Meall Garbh (Càrn Mairg Group),968,https://www.mountain-forecast.com/peaks/Meall-Garbh-Carn-Mairg-Group/forecasts/968,100,https://www.mountain-forecast.com/peaks/Meall-Garbh-Carn-Mairg-Group/forecasts/100
122,Meall Garbh (Lawers Group),1118,https://www.mountain-forecast.com/peaks/Meall-Garbh-Lawers-Group/forecasts/1118,500,https://www.mountain-forecast.com/peaks/Meall-Garbh-Lawers-Group/forecasts/500
123,Meall Ghaordaidh,1039,https://www.mountain-forecast.com/peaks/Meall-Ghaordaidh/forecasts/1039,100,https://www.mountain-forecast.com/peaks/Meall-Ghaordaidh/forecasts/100
124,Meall Glas,959,https://www.mountain-forecast.com/peaks/Meall-Glas/forecasts/959,100,https://www.mountain-forecast.com/peaks/Meall-Glas/forecasts/100
125,Meall Greigh,1001,https://www.mountain-forecast.com/peaks/Meall-Greigh/forecasts/1001,100,https://www.mountain-forecast.com/peaks/Meall-Greigh/forecasts/100
126,Meall nan Tarmachan,1043,https://www.mountain-forecast.com/peaks/Meall-nan-Tarmachan/forecasts/1043,100,https://www.mountain-forecast.com/peaks/Meall-nan-Tarmachan/forecasts/100
129,Mount Keen,939,https://www.mountain-forecast.com/peaks/Mount-Keen/forecasts/939,100,https://www.mountain-forecast.com/peaks/Mount-Keen/forecasts/100
130,Mullach nan Coirean,939,https://www.mountain-forecast.com/peaks/Mullach-nan-Coirean/forecasts/939,0,https://www.mountain-forecast.com/peaks/Mullach-nan-Coirean/forecasts/0
131,Na Gruagaichean,1056,https://www.mountain-forecast.com/peaks/Na-Gruagaichean/forecasts/1056,500,https://www.mountain-forecast.com/peaks/Na-Gruagaichean/forecasts/500
134,Schiehallion,1083,https://www.mountain-forecast.com/peaks/Schiehallion/forecasts/1083,500,https://www.mountain-forecast.com/peaks/Schiehallion/forecasts/500
137,Sgairneach Mhòr,991,https://www.mountain-forecast.com/peaks/Sgairneach-Mhor/forecasts/991,316,https://www.mountain-forecast.com/peaks/Sgairneach-Mhor/forecasts/316
138,Sgiath Chuil,921,https://www.mountain-forecast.com/peaks/Sgiath-Chuil/forecasts/921,100,https://www.mountain-forecast.com/peaks/Sgiath-Chuil/forecasts/100
139,Sgor an Lochain Uaine,1258,https://www.mountain-forecast.com/peaks/Sgor-an-Lochain-Uaine/forecasts/1258,500,https://www.mountain-forecast.com/peaks/Sgor-an-Lochain-Uaine/forecasts/500
140,Sgor Gaoith,1118,https://www.mountain-forecast.com/peaks/Sgor-Gaoith/forecasts/1118,310,https://www.mountain-forecast.com/peaks/Sgor-Gaoith/forecasts/310
141,Sgurr a' Mhaim,1099,https://www.mountain-forecast.com/peaks/Sgurr-a-Mhaim/forecasts/1099,500,https://www.mountain-forecast.com/peaks/Sgurr-a-Mhaim/forecasts/500
142,Sgurr Eilde Mòr,1010,https://www.mountain-forecast.com/peaks/Sgurr-Eilde-Mor/forecasts/1010,500,https://www.mountain-forecast.com/peaks/Sgurr-Eilde-Mor/forecasts/500
143,Stob a' Choire Mheadhoin,1105,https://www.mountain-forecast.com/peaks/Stob-a-Choire-Mheadhoin/forecasts/1105,500,https://www.mountain-forecast.com/peaks/Stob-a-Choire-Mheadhoin/forecasts/500
144,Stob a' Choire Odhair,945,https://www.mountain-forecast.com/peaks/Stob-a-Choire-Odhair/forecasts/945,0,https://www.mountain-forecast.com/peaks/Stob-a-Choire-Odhair/forecasts/0
146,Stob Bàn (Grey Corries),977,https://www.mountain-forecast.com/peaks/Stob-Ban-Grey-Corries/forecasts/977,0,https://www.mountain-forecast.com/peaks/Stob-Ban-Grey-Corries/forecasts/0
147,Stob Bàn (Mamores),999,https://www.mountain-forecast.com/peaks/Stob-Ban-Mamores/forecasts/999,0,https://www.mountain-forecast.com/peaks/Stob-Ban-Mamores/forecasts/0
148,Stob Binnein,1165,https://www.mountain-forecast.com/peaks/Stob-Binnein/forecasts/1165,500,https://www.mountain-forecast.com/peaks/Stob-Binnein/forecasts/500
149,Stob Choire Claurigh,1177,https://www.mountain-forecast.com/peaks/Stob-Choire-Claurigh/forecasts/1177,500,https://www.mountain-forecast.com/peaks/Stob-Choire-Claurigh/forecasts/500
150,Stob Coire a' Chàirn,981,https://www.mountain-forecast.com/peaks/Stob-Coire-a-Chairn/forecasts/981,0,https://www.mountain-forecast.com/peaks/Stob-Coire-a-Chairn/forecasts/0
151,Stob Coire an Laoigh,1116,https://www.mountain-forecast.com/peaks/Stob-Coire-an-Laoigh/forecasts/1116,500,https://www.mountain-forecast.com/peaks/Stob-Coire-an-Laoigh/forecasts/500
152,Stob Coire Easain,1115,https://www.mountain-forecast.com/peaks/Stob-Coire-Easain/forecasts/1115,500,https://www.mountain-forecast.com/peaks/Stob-Coire-Easain/forecasts/500
153,Stob Coire Sgreamhach,1072,https://www.mountain-forecast.com/peaks/Stob-Coire-Sgreamhach/forecasts/1072,500,https://www.mountain-forecast.com/peaks/Stob-Coire-Sgreamhach/forecasts/500
154,Stob Garbh,959,https://www.mountain-forecast.com/peaks/Stob-Garbh/forecasts/959,0,https://www.mountain-forecast.com/peaks/Stob-Garbh/forecasts/0
155,Stob Ghabhar,1090,https://www.mountain-forecast.com/peaks/Stob-Ghabhar/forecasts/1090,500,https://www.mountain-forecast.com/peaks/Stob-Ghabhar/forecasts/500
157,Stùc a' Chroin,975,https://www.mountain-forecast.com/peaks/Stuc-a-Chroin/forecasts/975,100,https://www.mountain-forecast.com/peaks/Stuc-a-Chroin/forecasts/100
158,Stuchd an Lochain,960,https://www.mountain-forecast.com/peaks/Stuchd-an-Lochain/forecasts/960,100,https://www.mountain-forecast.com/peaks/Stuchd-an-Lochain/forecasts/100
160,The Cairnwell,933,https://www.mountain-forecast.com/peaks/The-Cairnwell/forecasts/933,343,https://www.mountain-forecast.com/peaks/The-Cairnwell/forecasts/343
162,The Devil's Point,1004,https://www.mountain-forecast.com/peaks/The-Devil-s-Point/forecasts/1004,308,https://www.mountain-forecast.com/peaks/The-Devil-s-Point/forecasts/308
165,A' Chràlaig,1120,https://www.mountain-forecast.com/peaks/A-Chralaig/forecasts/1120,500,https://www.mountain-forecast.com/peaks/A-Chralaig/forecasts/500
166,A'Mhaighdean,967,https://www.mountain-forecast.com/peaks/A_Mhaighdean/forecasts/967,0,https://www.mountain-forecast.com/peaks/A_Mhaighdean/forecasts/0
167,Am Basteir,934,https://www.mountain-forecast.com/peaks/Am-Basteir/forecasts/934,0,https://www.mountain-forecast.com/peaks/Am-Basteir/forecasts/0
169,An Riabhachan,1129,https://www.mountain-forecast.com/peaks/An-Riabhachan/forecasts/1129,500,https://www.mountain-forecast.com/peaks/An-Riabhachan/forecasts/500
172,An Teallach,1062,https://www.mountain-forecast.com/peaks/An-Teallach/forecasts/1062,500,https://www.mountain-forecast.com/peaks/An-Teallach/forecasts/500
173,Aonach Meadhoin,1001,https://www.mountain-forecast.com/peaks/Aonach-Meadhoin/forecasts/1001,500,https://www.mountain-forecast.com/peaks/Aonach-Meadhoin/forecasts/500
180,Beinn Alligin,986,https://www.mountain-forecast.com/peaks/Beinn-Alligin/forecasts/986,0,https://www.mountain-forecast.com/peaks/Beinn-Alligin/forecasts/0
186,Beinn Dearg (Ullapool),1084,https://www.mountain-forecast.com/peaks/Beinn-Dearg-Ullapool/forecasts/1084,500,https://www.mountain-forecast.com/peaks/Beinn-Dearg-Ullapool/forecasts/500
188,Beinn Eighe,1010,https://www.mountain-forecast.com/peaks/Beinn-Eighe/forecasts/1010,500,https://www.mountain-forecast.com/peaks/Beinn-Eighe/forecasts/500
189,Beinn Fhada,1032,https://www.mountain-forecast.com/peaks/Beinn-Fhada/forecasts/1032,500,https://www.mountain-forecast.com/peaks/Beinn-Fhada/forecasts/500
190,Beinn Fhionnlaidh (Mullardoch),1005,https://www.mountain-forecast.com/peaks/Beinn-Fhionnlaidh-Mullardoch/forecasts/1005,500,https://www.mountain-forecast.com/peaks/Beinn-Fhionnlaidh-Mullardoch/forecasts/500
191,Beinn Liath Mhòr,926,https://www.mountain-forecast.com/peaks/Beinn-Liath-Mhor/forecasts/926,0,https://www.mountain-forecast.com/peaks/Beinn-Liath-Mhor/forecasts/0
195,Beinn Sgritheall,974,https://www.mountain-forecast.com/peaks/Beinn-Sgritheall/forecasts/974,0,https://www.mountain-forecast.com/peaks/Beinn-Sgritheall/forecasts/0
198,Ben Hope,927,https://www.mountain-forecast.com/peaks/Ben-Hope/forecasts/927,0,https://www.mountain-forecast.com/peaks/Ben-Hope/forecasts/0
199,Ben Klibreck,962,https://www.mountain-forecast.com/peaks/Ben-Klibreck/forecasts/962,100,https://www.mountain-forecast.com/peaks/Ben-Klibreck/forecasts/100
201,Ben More (Mull),965,https://www.mountain-forecast.com/peaks/Ben-More/forecasts/965,0,https://www.mountain-forecast.com/peaks/Ben-More/forecasts/0
202,Ben More Assynt,998,https://www.mountain-forecast.com/peaks/Ben-More-Assynt/forecasts/998,0,https://www.mountain-forecast.com/peaks/Ben-More-Assynt/forecasts/0
206,Ben Wyvis,1046,https://www.mountain-forecast.com/peaks/Ben-Wyvis/forecasts/1046,500,https://www.mountain-forecast.com/peaks/Ben-Wyvis/forecasts/500
207,Bla Bheinn,928,https://www.mountain-forecast.com/peaks/Bla-Bheinn/forecasts/928,0,https://www.mountain-forecast.com/peaks/Bla-Bheinn/forecasts/0
208,Blaven,928,https://www.mountain-forecast.com/peaks/Blaven/forecasts/928,0,https://www.mountain-forecast.com/peaks/Blaven/forecasts/0
209,Bruach Na Frithe,958,https://www.mountain-forecast.com/peaks/Bruach-Na-Frithe/forecasts/958,0,https://www.mountain-forecast.com/peaks/Bruach-Na-Frithe/forecasts/0
211,Càrn Eige,1183,https://www.mountain-forecast.com/peaks/Carn-Eige/forecasts/1183,500,https://www.mountain-forecast.com/peaks/Carn-Eige/forecasts/500
213,Càrn nan Gobhar (Mullardoch),992,https://www.mountain-forecast.com/peaks/Carn-nan-Gobhar-Mullardoch/forecasts/992,100,https://www.mountain-forecast.com/peaks/Carn-nan-Gobhar-Mullardoch/forecasts/100
214,Ciste Dhubh,979,https://www.mountain-forecast.com/peaks/Ciste-Dhubh/forecasts/979,0,https://www.mountain-forecast.com/peaks/Ciste-Dhubh/forecasts/0
217,Conival,987,https://www.mountain-forecast.com/peaks/Conival/forecasts/987,0,https://www.mountain-forecast.com/peaks/Conival/forecasts/0
223,Fionn Bheinn,933,https://www.mountain-forecast.com/peaks/Fionn-Bheinn/forecasts/933,103,https://www.mountain-forecast.com/peaks/Fionn-Bheinn/forecasts/103
226,Gairich,919,https://www.mountain-forecast.com/peaks/Gairich/forecasts/919,0,https://www.mountain-forecast.com/peaks/Gairich/forecasts/0
227,Gaor Bheinn,987,https://www.mountain-forecast.com/peaks/Gaor-Bheinn/forecasts/987,0,https://www.mountain-forecast.com/peaks/Gaor-Bheinn/forecasts/0
230,Gleouraich,1035,https://www.mountain-forecast.com/peaks/Gleouraich/forecasts/1035,500,https://www.mountain-forecast.com/peaks/Gleouraich/forecasts/500
232,Ladhar Bheinn,1020,https://www.mountain-forecast.com/peaks/Ladhar-Bheinn/forecasts/1020,500,https://www.mountain-forecast.com/peaks/Ladhar-Bheinn/forecasts/500
233,Liathac,1053,https://www.mountain-forecast.com/peaks/Liathac/forecasts/1053,500,https://www.mountain-forecast.com/peaks/Liathac/forecasts/500
234,Mam Sodhail,1181,https://www.mountain-forecast.com/peaks/Mam-Sodhail/forecasts/1181,500,https://www.mountain-forecast.com/peaks/Mam-Sodhail/forecasts/500
235,Maoile Lunndaidh,1007,https://www.mountain-forecast.com/peaks/Maoile-Lunndaidh/forecasts/1007,124,https://www.mountain-forecast.com/peaks/Maoile-Lunndaidh/forecasts/124
236,Maol Cheann-dearg,933,https://www.mountain-forecast.com/peaks/Maol-Cheann-dearg/forecasts/933,0,https://www.mountain-forecast.com/peaks/Maol-Cheann-dearg/forecasts/0
238,Meall a' Chrasgaidh,934,https://www.mountain-forecast.com/peaks/Meall-a-Chrasgaidh/forecasts/934,113,https://www.mountain-forecast.com/peaks/Meall-a-Chrasgaidh/forecasts/113
240,Meall na Teanga,918,https://www.mountain-forecast.com/peaks/Meall-na-Teanga/forecasts/918,109,https://www.mountain-forecast.com/peaks/Meall-na-Teanga/forecasts/109
241,Mòruisg,928,https://www.mountain-forecast.com/peaks/Moruisg/forecasts/928,111,https://www.mountain-forecast.com/peaks/Moruisg/forecasts/111
246,Sàileag,999,https://www.mountain-forecast.com/peaks/Saileag/forecasts/999,0,https://www.mountain-forecast.com/peaks/Saileag/forecasts/0
248,Seana Bhràigh,927,https://www.mountain-forecast.com/peaks/Seana-Bhraigh/forecasts/927,500,https://www.mountain-forecast.com/peaks/Seana-Bhraigh/forecasts/500
250,Sgorr Ruadh,962,https://www.mountain-forecast.com/peaks/Sgorr-Ruadh/forecasts/962,0,https://www.mountain-forecast.com/peaks/Sgorr-Ruadh/forecasts/0
251,Sgurr a' Bhealaich Dheirg,1036,https://www.mountain-forecast.com/peaks/Sgurr-a-Bhealaich-Dheirg/forecasts/1036,500,https://www.mountain-forecast.com/peaks/Sgurr-a-Bhealaich-Dheirg/forecasts/500
252,Sgùrr a' Choire Ghlais,1083,https://www.mountain-forecast.com/peaks/Sgurr-a-Choire-Ghlais/forecasts/1083,500,https://www.mountain-forecast.com/peaks/Sgurr-a-Choire-Ghlais/forecasts/500
253,Sgurr a' Ghreadaidh,973,https://www.mountain-forecast.com/peaks/Sgurr-a-Ghreadaidh/forecasts/973,0,https://www.mountain-forecast.com/peaks/Sgurr-a-Ghreadaidh/forecasts/0
254,Sgurr a' Mhadaidh,918,https://www.mountain-forecast.com/peaks/Sgurr-a-Mhadaidh/forecasts/918,0,https://www.mountain-forecast.com/peaks/Sgurr-a-Mhadaidh/forecasts/0
255,Sgurr a' Mhaoraich,1027,https://www.mountain-forecast.com/peaks/Sgurr-a-Mhaoraich/forecasts/1027,500,https://www.mountain-forecast.com/peaks/Sgurr-a-Mhaoraich/forecasts/500
256,Sgurr Alasdair,992,https://www.mountain-forecast.com/peaks/Sgurr-Alasdair/forecasts/992,0,https://www.mountain-forecast.com/peaks/Sgurr-Alasdair/forecasts/0
257,Sgurr Choinnich,999,https://www.mountain-forecast.com/peaks/Sgurr-Choinnich/forecasts/999,0,https://www.mountain-forecast.com/peaks/Sgurr-Choinnich/forecasts/0
259,Sgurr Dearg,986,https://www.mountain-forecast.com/peaks/Sgurr-Dearg/forecasts/986,0,https://www.mountain-forecast.com/peaks/Sgurr-Dearg/forecasts/0
261,Sgùrr Fhuaran,1067,https://www.mountain-forecast.com/peaks/Sgurr-Fhuaran/forecasts/1067,500,https://www.mountain-forecast.com/peaks/Sgurr-Fhuaran/forecasts/500
263,Sgurr Mhic Choinnich,948,https://www.mountain-forecast.com/peaks/Sgurr-Mhic-Choinnich/forecasts/948,0,https://www.mountain-forecast.com/peaks/Sgurr-Mhic-Choinnich/forecasts/0
264,Sgùrr Mòr (Fannichs),1110,https://www.mountain-forecast.com/peaks/Sgurr-Mor-Fannichs/forecasts/1110,500,https://www.mountain-forecast.com/peaks/Sgurr-Mor-Fannichs/forecasts/500
265,Sgurr na Banachdich,965,https://www.mountain-forecast.com/peaks/Sgurr-na-Banachdich/forecasts/965,0,https://www.mountain-forecast.com/peaks/Sgurr-na-Banachdich/forecasts/0
266,Sgùrr na Càrnach,1002,https://www.mountain-forecast.com/peaks/Sgurr-na-Carnach/forecasts/1002,500,https://www.mountain-forecast.com/peaks/Sgurr-na-Carnach/forecasts/500
267,Sgùrr na Cìche,1040,https://www.mountain-forecast.com/peaks/Sgurr-na-Ciche/forecasts/1040,500,https://www.mountain-forecast.com/peaks/Sgurr-na-Ciche/forecasts/500
268,Sgùrr na Ciste Duibhe,1027,https://www.mountain-forecast.com/peaks/Sgurr-na-Ciste-Duibhe/forecasts/1027,500,https://www.mountain-forecast.com/peaks/Sgurr-na-Ciste-Duibhe/forecasts/500
270,Sgùrr na Lapaich,1150,https://www.mountain-forecast.com/peaks/Sgurr-na-Lapaich/forecasts/1150,500,https://www.mountain-forecast.com/peaks/Sgurr-na-Lapaich/forecasts/500
271,Sgurr na Sgine,946,https://www.mountain-forecast.com/peaks/Sgurr-na-Sgine/forecasts/946,0,https://www.mountain-forecast.com/peaks/Sgurr-na-Sgine/forecasts/0
273,Sgùrr nan Ceathramhnan,1151,https://www.mountain-forecast.com/peaks/Sgurr-nan-Ceathreamhnan/forecasts/1151,500,https://www.mountain-forecast.com/peaks/Sgurr-nan-Ceathreamhnan/forecasts/500
274,Sgùrr nan Ceathramhnan,1151,https://www.mountain-forecast.com/peaks/Sgurr-nan-Ceathramhnan/forecasts/1151,500,https://www.mountain-forecast.com/peaks/Sgurr-nan-Ceathramhnan/forecasts/500
275,Sgurr nan Clach Geala,1093,https://www.mountain-forecast.com/peaks/Sgurr-nan-Clach-Geala/forecasts/1093,500,https://www.mountain-forecast.com/peaks/Sgurr-nan-Clach-Geala/forecasts/500
276,Sgurr nan Each,923,https://www.mountain-forecast.com/peaks/Sgurr-nan-Each/forecasts/923,121,https://www.mountain-forecast.com/peaks/Sgurr-nan-Each/forecasts/121
278,Sgurr nan Gillean,964,https://www.mountain-forecast.com/peaks/Sgurr-nan-Gillean/forecasts/964,0,https://www.mountain-forecast.com/peaks/Sgurr-nan-Gillean/forecasts/0
279,Sgurr Thearlaich,978,https://www.mountain-forecast.com/peaks/Sgurr-Thearlaich/forecasts/978,0,https://www.mountain-forecast.com/peaks/Sgurr-Thearlaich/forecasts/0
280,Sgurr Thuilm,963,https://www.mountain-forecast.com/peaks/Sgurr-Thuilm/forecasts/963,0,https://www.mountain-forecast.com/peaks/Sgurr-Thuilm/forecasts/0
281,Slioch,981,https://www.mountain-forecast.com/peaks/Slioch/forecasts/981,101,https://www.mountain-forecast.com/peaks/Slioch/forecasts/101
282,Sròn a' Choire Ghairbh,937,https://www.mountain-forecast.com/peaks/Sron-a-Choire-Ghairbh/forecasts/937,109,https://www.mountain-forecast.com/peaks/Sron-a-Choire-Ghairbh/forecasts/109
285,The Saddle,1010,https://www.mountain-forecast.com/peaks/The-Saddle/forecasts/1010,500,https://www.mountain-forecast.com/peaks/The-Saddle/forecasts/500
